{"cameraMode":{"drawMode":0,"name":"Shaded","section":"Shading Mode"},"sceneLighting":false,"audioPlay":false,"sceneViewState":{"showFog":true,"showMaterialUpdate":false,"showSkybox":true,"showFlares":true,"showImageEffects":true,"showParticleSystems":true},"in2DMode":false,"pivot":{"x":406.9244079589844,"y":157.17637634277345,"z":0.0},"rotation":{"x":-0.27768582105636599,"y":-0.011262220330536366,"z":0.003253925358876586,"w":-0.9606004357337952},"size":42.42530822753906,"orthographic":false}